Image File,Inference Result,Top 10 Words,Top 10 Probabilities
img1.png,Corn,"Corn, Pe, Be, E, P, Se, S, G, F, Leg","0.35839831829071045, 0.16929538547992706, 0.054534438997507095, 0.05244525894522667, 0.05163217708468437, 0.04416333884000778, 0.018124597147107124, 0.011886402033269405, 0.010489712469279766, 0.0086286012083292"
img2.png,Umbrella,"Um, Par, Open, Sun, F, U, Un, P, Can, St","0.964310348033905, 0.021639887243509293, 0.0040660141967237, 0.0013303946470841765, 0.0004856161249335855, 0.00040574747254140675, 0.00030152592808008194, 0.00028997461777180433, 0.0002681826881598681, 0.00026402491494081914"
img3.png,Waitress,"Wait, Server, Woman, T, Lady, Ser, Host, Food, D, R","0.9802267551422119, 0.007484123110771179, 0.00244879606179893, 0.0010208099847659469, 0.0010128659196197987, 0.0009894028771668673, 0.0008266771328635514, 0.0007070943829603493, 0.0005014050402678549, 0.0003113294660579413"
img4.png,Tank,"T, Arm, C, Bul, Military, Rob, Track, Battle, Army, Car","0.8665589094161987, 0.04382283613085747, 0.009702102281153202, 0.006826282013207674, 0.006215399596840143, 0.0049553485587239265, 0.004916786216199398, 0.004407378379255533, 0.003981734625995159, 0.0026112853083759546"
img5.png,Dress,"D, Sh, Sk, Draw, Woman, Cl, F, T, P, Lady","0.824616551399231, 0.03430293872952461, 0.02321052923798561, 0.02163458988070488, 0.011670987121760845, 0.008211564272642136, 0.005687984172254801, 0.0048651909455657005, 0.004678808618336916, 0.003165840171277523"
img6.png,Hamburger,"Hamb, Bur, Sand, H, Bun, Che, Hamburg, B, Hot, Me","0.8208491802215576, 0.08001501858234406, 0.03133432939648628, 0.024787496775388718, 0.01434590294957161, 0.010093603283166885, 0.0036556606646627188, 0.002914546988904476, 0.002532202284783125, 0.00041988029261119664"
img7.png,Mirror,"Mir, Chair, Van, D, Frame, H, Bar, T, C, Medicine","0.8804280161857605, 0.007155692670494318, 0.006935535464435816, 0.006881562061607838, 0.00593227706849575, 0.003800359321758151, 0.0034874058328568935, 0.0030299106147140265, 0.0024729412980377674, 0.0023782041389495134"
